stop_id,stop_name,route_id,stop_lat,stop_lon
AG1,SENTUL TIMUR,AG,3.185897,101.695217
AG10,PUDU,AG,3.134879,101.711957
AG11,CHAN SOW LIN,AG,3.128105,101.715637
AG12,MIHARJA,AG,3.120973,101.717922
AG13,MALURI,AG,3.12329,101.727283
AG14,PANDAN JAYA,AG,3.130141,101.739122
AG15,PANDAN INDAH,AG,3.134581,101.746509
AG16,CEMPAKA,AG,3.138324,101.752979
AG17,CAHAYA,AG,3.140575,101.756677
AG18,AMPANG,AG,3.150318,101.760049
AG2,SENTUL,AG,3.178484,101.695542
AG3,TITIWANGSA,AG,3.173497,101.695367
AG4,PWTC,AG,3.166333,101.693586
AG5,SULTAN ISMAIL,AG,3.161245,101.694109
AG6,BANDARAYA - UOB,AG,3.155567,101.694485
AG7,MASJID JAMEK,AG,3.14927,101.696377
AG8,PLAZA RAKYAT,AG,3.144049,101.702105
AG9,HANG TUAH,AG,3.140012,101.705984
BRT1,SUNWAY-SETIA JAYA,BRT,3.0828,101.6123
BRT2,MENTARI,BRT,3.0761,101.6101
BRT3,SUNWAY LAGOON,BRT,3.0706,101.6107
BRT4,SUNMED,BRT,3.0656,101.6087
BRT5,SunU-Monash,BRT,3.0654,101.6016
BRT6,SOUTH QUAY-USJ 1,BRT,3.0617,101.5969
BRT7,USJ7,BRT,3.0553,101.5919
KG04,KWASA DAMANSARA,MRT,3.176146,101.572052
KG05,KWASA SENTRAL,MRT,3.170112,101.564651
KG06,KOTA DAMANSARA,MRT,3.150134,101.57869
KG07,SURIAN,MRT,3.14948,101.593925
KG08,MUTIARA DAMANSARA,MRT,3.155301,101.609077
KG09,BANDAR UTAMA,MRT,3.14671,101.618599
KG10,TAMAN TUN DR ISMAIL,MRT,3.13613,101.630539
KG12,PHILEO DAMANSARA,MRT,3.129864,101.642471
KG13,PUSAT BANDAR DAMANSARA,MRT,3.143444,101.662857
KG14,SEMANTAN,MRT,3.150977,101.665497
KG15,MUZIUM NEGARA,MRT,3.137317,101.687336
KG16,PASAR SENI,MRT,3.142293265,101.6955642
KG17,MERDEKA,MRT,3.141969,101.70205
KG18A,BUKIT BINTANG,MRT,3.146503,101.710947
KG20,TUN RAZAK EXCHANGE,MRT,3.142403,101.720156
KG21,COCHRANE,MRT,3.132829,101.722962
KG22,MALURI,MRT,3.123623,101.727809
KG23,TAMAN PERTAMA,MRT,3.112547,101.729371
KG24,TAMAN MIDAH,MRT,3.104505,101.732186
KG25,TAMAN MUTIARA,MRT,3.090989,101.740453
KG26,TAMAN CONNAUGHT,MRT,3.079172,101.74522
KG27,TAMAN SUNTEX,MRT,3.071578,101.763552
KG28,SRI RAYA,MRT,3.062273,101.772899
KG29,BANDAR TUN HUSSEIN ONN,MRT,3.048223,101.775109
KG30,BATU 11 CHERAS,MRT,3.041339,101.773383
KG31,BUKIT DUKUNG,MRT,3.026413,101.771072
KG33,SUNGAI JERNIH,MRT,3.000948,101.783857
KG34,STADIUM KAJANG,MRT,2.994514,101.786338
KG35,KAJANG,MRT,2.982778,101.790278
KJ1,GOMBAK,KJ,3.231793,101.724427
KJ10,KLCC,KJ,3.158935,101.713287
KJ11,KAMPUNG BARU - CBP COOPBANK PERTAMA,KJ,3.161386,101.706608
KJ12,DANG WANGI,KJ,3.156942,101.701975
KJ13,MASJID JAMEK,KJ,3.149714,101.696815
KJ14,PASAR SENI,KJ,3.142439,101.69531
KJ15,KL SENTRAL,KJ,3.13442,101.68625
KJ16,BANK RAKYAT BANGSAR,KJ,3.127588,101.679062
KJ17,ABDULLAH HUKUM,KJ,3.118735,101.672897
KJ18,KERINCHI,KJ,3.115506,101.668572
KJ19,UNIVERSITI,KJ,3.114616,101.661639
KJ2,TAMAN MELATI,KJ,3.219558,101.72197
KJ20,TAMAN JAYA,KJ,3.104086,101.645248
KJ21,ASIA JAYA,KJ,3.104343,101.637695
KJ22,TAMAN PARAMOUNT,KJ,3.104716,101.623192
KJ23,TAMAN BAHAGIA,KJ,3.11079,101.612856
KJ24,KELANA JAYA,KJ,3.112497,101.6043
KJ25,LEMBAH SUBANG,KJ,3.112094,101.591034
KJ26,ARA DAMANSARA,KJ,3.108643,101.586372
KJ27,CGC GLENMARIE,KJ,3.094732,101.590622
KJ28,SUBANG JAYA,KJ,3.08466,101.588127
KJ29,SS 15,KJ,3.075972,101.585983
KJ3,WANGSA MAJU,KJ,3.205751,101.731796
KJ30,SS 18,KJ,3.067182,101.585945
KJ31,USJ 7,KJ,3.054956,101.592194
KJ32,TAIPAN,KJ,3.04815,101.590233
KJ33,WAWASAN,KJ,3.035062,101.588348
KJ34,USJ 21,KJ,3.029881,101.581711
KJ35,ALAM MEGAH,KJ,3.023151,101.572029
KJ36,SUBANG ALAM,KJ,3.009421,101.572281
KJ37,PUTRA HEIGHTS,KJ,2.996227,101.575462
KJ4,SRI RAMPAI,KJ,3.199176,101.73747
KJ5,SETIAWANGSA,KJ,3.17576,101.73584
KJ6,JELATEK,KJ,3.167204,101.735344
KJ7,DATO' KERAMAT,KJ,3.16509,101.73184
KJ8,DAMAI,KJ,3.164406,101.724489
KJ9,AMPANG PARK,KJ,3.159894,101.719017
MR1,KL SENTRAL,MR,3.132852,101.687817
MR10,CHOW KIT,MR,3.167358,101.698379
MR11,TITIWANGSA,MR,3.173192,101.696022
MR2,TUN SAMBANTHAN,MR,3.13132,101.69085
MR3,MAHARAJALELA,MR,3.138743,101.699268
MR4,HANG TUAH,MR,3.140511,101.706029
MR5,IMBI,MR,3.14283,101.70945
MR6,BUKIT BINTANG,MR,3.146022,101.7115
MR7,RAJA CHULAN,MR,3.150878,101.710432
MR8,BUKIT NANAS,MR,3.156214,101.704809
MR9,MEDAN TUANKU,MR,3.15935,101.69888
PY01,KWASA DAMANSARA,PYL,3.1763324,101.5721456
PY03,KAMPUNG SELAMAT,PYL,3.197266,101.578499
PY04,SUNGAI BULOH,PYL,3.206429,101.581779
PY05,DAMANSARA DAMAI,PYL,3.199892,101.592623
PY06,SRI DAMANSARA BARAT,PYL,3.198197,101.608302
PY07,SRI DAMANSARA SENTRAL,PYL,3.198815,101.621396
PY08,SRI DAMANSARA TIMUR,PYL,3.207832,101.628716
PY09,METRO PRIMA,PYL,3.214438,101.639402
PY10,KEPONG BARU,PYL,3.211663,101.648193
PY11,JINJANG,PYL,3.209544,101.655829
PY12,SRI DELIMA,PYL,3.207108,101.665749
PY13,KAMPUNG BATU,PYL,3.205521,101.675473
PY14,KENTOMEN,PYL,3.19563,101.6797
PY15,JALAN IPOH,PYL,3.189319,101.681145
PY16,SENTUL BARAT,PYL,3.179369,101.684742
PY17,TITIWANGSA,PYL,3.17408,101.69581
PY18,HOSPITAL KUALA LUMPUR,PYL,3.17405,101.70239
PY19,RAJA UDA,PYL,3.16794,101.71017
PY20,AMPANG PARK,PYL,3.16225,101.71781
PY21,PERSIARAN KLCC,PYL,3.15712,101.71834
PY22,CONLAY,PYL,3.15145,101.71801
PY23,TUN RAZAK EXCHANGE,PYL,3.14289,101.72034
PY24,CHAN SOW LIN,PYL,3.12839,101.71663
PY27,KUCHAI,PYL,3.089546,101.694124
PY28,TAMAN NAGA EMAS,PYL,3.077688,101.699867
PY29,SUNGAI BESI,PYL,3.063737,101.7084
PY31,SERDANG RAYA UTARA,PYL,3.041674,101.704928
PY32,SERDANG RAYA SELATAN,PYL,3.028463,101.707514
PY33,SERDANG JAYA,PYL,3.0216,101.709
PY34,UPM,PYL,3.008489,101.705396
PY36,TAMAN EQUINE,PYL,2.98942,101.67244
PY37,PUTRA PERMAI,PYL,2.98339,101.66099
PY38,16 SIERRA,PYL,2.964974,101.654812
PY39,CYBERJAYA UTARA,PYL,2.95,101.6573
PY40,CYBERJAYA CITY CENTRE,PYL,2.9384,101.6659
PY41,PUTRAJAYA SENTRAL,PYL,2.9313,101.6715
SP1,SENTUL TIMUR,PH,3.185897,101.695217
SP10,PUDU,PH,3.134879,101.711957
SP11,CHAN SOW LIN,PH,3.128105,101.715637
SP12,CHERAS,PH,3.112609,101.714178
SP13,SALAK SELATAN,PH,3.102201,101.706179
SP14,BANDAR TUN RAZAK,PH,3.089576,101.712466
SP15,BANDAR TASIK SELATAN,PH,3.076058,101.711107
SP16,SUNGAI BESI,PH,3.063842,101.708062
SP17,BUKIT JALIL,PH,3.058196,101.692125
SP18,SRI PETALING,PH,3.061445,101.687074
SP19,AWAN BESAR,PH,3.062131,101.670555
SP2,SENTUL,PH,3.178484,101.695542
SP20,MUHIBBAH,PH,3.062229,101.662552
SP21,ALAM SUTERA,PH,3.0547,101.656468
SP22,KINRARA,PH,3.050506,101.644294
SP24,IOI PUCHONG JAYA,PH,3.048101,101.62095
SP25,PUSAT BANDAR PUCHONG,PH,3.033194,101.616057
SP26,TAMAN PERINDUSTRIAN PUCHONG,PH,3.022814,101.613514
SP27,BANDAR PUTERI,PH,3.017111,101.612855
SP28,PUCHONG PERDANA,PH,3.007913,101.605021
SP29,PUCHONG PRIMA,PH,2.999808,101.596692
SP3,TITIWANGSA,PH,3.173497,101.695367
SP31,PUTRA HEIGHTS,PH,2.996016,101.575521
SP4,PWTC,PH,3.166333,101.693586
SP5,SULTAN ISMAIL,PH,3.161245,101.694109
SP6,BANDARAYA - UOB,PH,3.155567,101.694485
SP7,MASJID JAMEK,PH,3.14927,101.696377
SP8,PLAZA RAKYAT,PH,3.144049,101.702105
SP9,HANG TUAH,PH,3.140012,101.705984
PULAU_SEBANG,Pulau Sebang,KT1,2.46396,102.226308
REMBAU,Rembau,KT1,2.593055,102.094653
SUNGAI_GADUT,Sungai Gadut,KT1,2.660898,101.996158
SENAWANG,Senawang,KT1,2.690138,101.972336
SEREMBAN,Seremban,KT1,2.719169,101.940792
TIROI,Tiroi,KT1,2.741459,101.871914
LABU,Labu,KT1,2.754501,101.826656
NILAI,Nilai,KT1,2.802356,101.799303
BATANG_BENAR,Batang Benar,KT1,2.829904,101.826655
BANGI,Bangi,KT1,2.904467,101.785943
UKM,UKM,KT1,2.939775,101.787623
KAJANG2,Kajang 2,KT1,2.96264,101.79207
KG35,KAJANG,KT1,2.982778,101.790278
SERDANG,Serdang,KT1,3.023404,101.716056
SP15,BANDAR TASIK SELATAN,KT1,3.0762,101.7121
SALAK_SELATAN,Salak Selatan,KT1,3.098413,101.705055
SEPUTEH,Seputeh,KT1,3.113612,101.681474
MID_VALLEY,Mid Valley,KT1,3.119211,101.678865
KJ15,KL SENTRAL,KT1,3.1343,101.6861
KUALA_LUMPUR,Kuala Lumpur,KT1,3.139444,101.693333
BANK_NEGARA,Bank Negara,KT1,3.155105,101.693118
PUTRA,Putra,KT1,3.175,101.695
SENTUL,Sentul,KT1,3.183581,101.688802
BATU_KENTONMEN,Batu Kentonmen,KT1,3.198485,101.681138
KAMPUNG_BATU,Kampung Batu,KT1,3.204892,101.675584
TAMAN_WAHYU,Taman Wahyu,KT1,3.21451,101.672178
BATU_CAVES,Batu Caves,KT1,3.237796,101.681215
PELABUHAN_KLANG,Pelabuhan Klang,KT2,2.999323,101.39179
JALAN_KASTAM,Jalan Kastam,KT2,3.013128,101.402599
KAMPUNG_RAJA_UDA,Kampung Raja Uda,KT2,3.020253,101.41023
TELUK_GADONG,Teluk Gadong,KT2,3.033932,101.424947
TELUK_PULAI,Teluk Pulai,KT2,3.04089,101.432153
KLANG,Klang,KT2,3.043078,101.449543
BUKIT_BADAK,Bukit Badak,KT2,3.036147,101.470176
PADANG_JAWA,Padang Jawa,KT2,3.052532,101.492742
SHAH_ALAM,Shah Alam,KT2,3.056388,101.525302
BATU_TIGA,Batu Tiga,KT2,3.076091,101.559811
KJ28,SUBANG JAYA,KT2,3.0823,101.5885
SETIA_JAYA,Sunway-Setia Jaya,KT2,3.083373,101.61143
SERI_SETIA,Seri Setia,KT2,3.083373,101.61143
KAMPUNG_DATO_HARUN,Kampung Dato Harun,KT2,3.084828,101.632339
JALAN_TEMPLER,Jalan Templer,KT2,3.084013,101.656402
PETALING,Petaling,KT2,3.086485,101.664338
PANTAI_DALAM,Pantai Dalam,KT2,3.095607,101.669927
ANGKASAPURI,Angkasapuri,KT2,3.113212,101.673367
KJ17,ABDULLAH HUKUM,KT2,3.1222,101.6712
KJ15,KL SENTRAL,KT2,3.1343,101.6861
KUALA_LUMPUR,Kuala Lumpur,KT2,3.139444,101.693333
BANK_NEGARA,Bank Negara,KT2,3.155105,101.693118
PUTRA,Putra,KT2,3.175,101.695
SEGAMBUT,Segambut,KT2,3.186514,101.664032
KEPONG,Kepong,KT2,3.2126,101.6332
KEPONG_SENTRAL,Kepong Sentral,KT2,3.2076,101.6356
PY04,SUNGAI BULOH,KT2,3.2026,101.5936
KUANG,Kuang,KT2,3.258267,101.554794
RAWANG,Rawang,KT2,3.318955,101.575012
SERENDAH,Serendah,KT2,3.376172,101.614532
BATANG_KALI,Batang Kali,KT2,3.46838,101.637759
RASA,Rasa,KT2,3.500586,101.634113
KUALA_KUBU_BHARU,Kuala Kubu Bharu,KT2,3.553215,101.639591
TANJUNG_MALIM,Tanjung Malim,KT2,3.685142,101.518165
KJ15,KL SENTRAL,ER6,3.1343,101.6861
KLIA,KLIA T1,ER6,2.7547334,101.7046397
KLIA2,KLIA T2,ER6,2.7445265,101.6851796
KJ15,KL SENTRAL,ER7,3.1343,101.6861
SP15,BANDAR TASIK SELATAN,ER7,3.0762,101.7121
PY41,PUTRAJAYA SENTRAL,ER7,2.9313,101.6715
SALAK_TINGGI,Salak Tinggi,ER7,2.825397,101.7130747
KLIA,KLIA T1,ER7,2.7547334,101.7046397
KLIA2,KLIA T2,ER7,2.7445265,101.6851796
